[
{
    "eid":101,
    "name":"pavankumar",
    "address":[
        {
            "street": "podalakur",
            "city":"nellre",
            "state":"Andhra"
            
        },
        {
            "street": "rapur",
            "city":"gudur",
            "state":"Andhra" 
        }
    ],
    "desig":"Designer",
    "salary":524453
},
{
    "eid":101,
    "name":"pavankumar",
    "address":[
        {
            "street": "podalakur",
            "city":"nellre",
            "state":"Andhra"
            
        },
        {
            "street": "rapur",
            "city":"gudur",
            "state":"Andhra" 
        }
    ],
    "desig":"Designer",
    "salary":524453
}
]