{
  "users": [
    {
      "id": 8,
      "firstname": "ad",
      "lastname": "adaghd",
      "email": "daddhdh"
    },
    {
      "id": 9,
      "firstname": "gx",
      "lastname": "gf",
      "email": "fxc"
    },
    {
      "id": 10,
      "firstname": "xfgf",
      "lastname": "fgxcfg",
      "email": "f@fsfs"
    },
    {
      "id": 13,
      "firstname": "fgh",
      "lastname": "fgh",
      "email": "fhgh"
    },
    {
      "id": 14,
      "firstname": "Pavan",
      "lastname": "Gawaskar",
      "email": "pavana@gmail.com"
    },
    {
      "id": 15,
      "firstname": "cv",
      "lastname": "bxb",
      "email": "vb"
    }
  ]
}